Temperature,Rainfall,Humidity,Soil_pH,Organic_Content,Soil_Type,Crop_Type,Sowing_Date,Yield
31.34,207.5,89.11,5.68,3.38,Clay,Wheat,21-11-2023,5178.23
39.5,288.81,84.14,7.51,1.79,Clay,Cotton,25-07-2023,4146.51
39.27,99.65,40.83,7.8,5.24,Silty,Wheat,08-06-2023,3511.05
26.45,239.89,41.22,6.4,3.65,Sandy,Soybean,19-06-2023,3270.36
31.77,117.17,46.11,7.84,1.63,Loamy,Wheat,06-07-2023,1180.79
21.76,272.79,70.57,6.63,4.88,Silty,Wheat,10-02-2023,5855.45
31.55,103.83,36.76,5.6,3.26,Loamy,Cotton,13-08-2023,2157.91
31.1,137.22,81.45,7.14,5.46,Clay,Rice,16-10-2023,5968.33
30.71,143.44,85.3,8.21,3.74,Clay,Rice,10-03-2023,5699.99
34.51,56.57,81.64,7.21,4.21,Loamy,Soybean,26-06-2023,6789.99
35.84,166.81,60.95,6.93,3.55,Silty,Wheat,09-02-2023,6818.68
23.76,98.12,66.32,5.92,2.74,Loamy,Wheat,03-04-2023,6561.81
34.73,101.33,41.73,6.33,3.75,Silty,Cotton,13-04-2023,1566.3
38.43,55.28,39.2,8.4,1.8,Silty,Maize,08-12-2023,3317.06
39.65,228.91,40.06,8.29,4.17,Clay,Maize,23-09-2023,3802.2
20.6,217.91,32.26,6.94,5.12,Clay,Maize,02-06-2023,3102.95
26.05,268.94,88.58,6.59,3.26,Clay,Soybean,25-08-2023,6169.6
22.83,66.62,89.27,7.27,1.53,Silty,Soybean,06-12-2023,5609.17
20.89,280.72,69.98,6.91,3.98,Loamy,Rice,19-10-2023,3432.31
22.06,56.77,62.48,6.21,4.15,Clay,Soybean,26-11-2023,5329.76
21.07,266.27,56.4,7.27,3.65,Clay,Rice,25-05-2023,3664.55
36.78,241.98,43.2,6.11,2.94,Sandy,Rice,22-03-2023,6082.02
32.07,151.35,68.32,7.44,4.93,Loamy,Cotton,10-04-2023,7724.08
25.42,194.26,67.99,7.21,4.06,Loamy,Wheat,01-12-2023,3520.53
21.96,267.34,38.47,6.91,3.4,Loamy,Cotton,26-01-2023,1029.64
24.52,243.93,55.58,6.87,2.81,Silty,Soybean,15-01-2023,3500.21
29.33,165.97,59.84,6.22,2.67,Silty,Soybean,25-06-2023,7899.07
23.07,238.74,85.5,8.12,4.11,Sandy,Cotton,18-10-2023,1563.06
27.19,128.68,50.16,6.15,4.09,Clay,Maize,05-08-2023,5041.29
24.84,158.64,52.34,7.46,2.13,Clay,Maize,15-07-2023,5990.02
24.81,90.6,79.44,6.02,4.23,Silty,Rice,30-08-2023,2287.74
30.84,277.49,54.66,5.98,5.34,Silty,Cotton,07-06-2023,2887.39
30.5,165.09,35.4,5.56,5.47,Loamy,Wheat,07-08-2023,5851.2
39.99,144.74,45.91,7.39,5.1,Loamy,Rice,08-12-2023,4095.25
36.42,186.75,89.33,8.29,5.18,Sandy,Wheat,10-12-2023,4273.26
29.44,153.07,78.83,5.6,2.18,Clay,Cotton,14-04-2023,7396.6
35.75,137.82,39.83,5.9,5.39,Clay,Soybean,12-10-2023,6059.88
30.3,166.4,32.87,6.02,3.1,Clay,Rice,08-01-2023,5883.88
34.46,141.52,55.25,8.17,3.18,Sandy,Cotton,13-01-2023,2202.07
38.91,118.79,51.05,6.97,1.59,Silty,Maize,08-03-2023,7113.74
32,163.99,88.61,8,2.9,Sandy,Rice,11-03-2023,2959.94
36.63,248.46,63.13,5.8,1.53,Silty,Cotton,18-05-2023,5992.53
27.9,96.5,60.1,8.37,3.69,Sandy,Cotton,01-05-2023,6782.87
38.4,203.83,41.45,7.62,1.85,Sandy,Wheat,17-11-2023,1196.61
28.59,204.22,66.09,8.47,2.11,Clay,Rice,29-04-2023,4777.93
24.17,81.15,49.1,6.94,4.53,Silty,Wheat,18-03-2023,4452.5
39.61,85.99,69.8,7.63,4.84,Silty,Soybean,30-03-2023,2507.18
33.74,148.36,43.95,6.28,4.18,Sandy,Cotton,17-05-2023,2601.71
36.85,230.54,87.73,6.69,4.25,Clay,Rice,07-12-2023,6965.24
33.82,221.41,47.31,6.44,3.88,Clay,Maize,30-03-2023,7975.59
29.89,241.83,76.16,5.6,3.44,Sandy,Maize,23-08-2023,2674.67
35.61,73.81,42.93,6.93,4.46,Clay,Maize,30-09-2023,6349.17
21.8,80.07,55.06,7.99,2.44,Clay,Maize,03-03-2023,2977.34
34.43,124.35,53.49,6.59,2.52,Loamy,Cotton,28-03-2023,6823.78
27.67,162.5,65.94,7.94,2.21,Sandy,Soybean,24-12-2023,2525.53
28.91,75.88,67.47,7.9,4.17,Sandy,Soybean,22-02-2023,2313.21
29.07,230.94,33.2,5.75,2.29,Silty,Maize,22-02-2023,5004.62
38.64,224.59,39.61,7.61,5.26,Loamy,Maize,15-06-2023,2559.55
25.7,273.23,66.71,8.29,1.59,Clay,Rice,12-09-2023,5973.47
29.37,252.19,75.56,7.49,3.23,Sandy,Cotton,09-12-2023,6708.51
27.68,158.49,64.41,7.65,1.58,Clay,Wheat,26-03-2023,5309.95
33.63,203.22,48.62,7.31,1.6,Clay,Soybean,14-06-2023,7053.32
29.54,140.34,87.44,5.93,3.54,Clay,Maize,12-01-2023,7082.16
36.21,290.85,36.02,8.28,4.77,Clay,Rice,12-05-2023,1536.99
33.41,98.46,88.24,6.09,5.22,Sandy,Rice,29-08-2023,1382.42
20.65,202.09,54.87,7.36,2.22,Sandy,Wheat,13-06-2023,4057.59
24.05,63.53,85.51,8.33,4.11,Silty,Rice,23-03-2023,1483.65
25.03,139.1,70.05,6.47,3.76,Loamy,Maize,25-08-2023,7325.34
39.53,132.71,44.75,6.55,3.68,Sandy,Maize,10-02-2023,5676.35
26.43,276.32,81.23,7.24,4.58,Loamy,Rice,14-04-2023,1208.14
20.37,216.28,67.77,6.99,4.23,Silty,Maize,18-11-2023,5579.43
31.16,291.92,35.62,6.07,4.6,Clay,Rice,03-09-2023,7738.64
38.64,219.47,56.65,5.61,5.22,Loamy,Maize,17-01-2023,7790.57
25.55,73.5,77.15,6.68,2.63,Silty,Soybean,28-03-2023,2287.94
23.05,231.25,61.6,7.29,3.3,Sandy,Cotton,27-04-2023,5980.18
27.54,264.55,57.42,6.76,3.57,Sandy,Maize,05-06-2023,7024.09
20.46,104.69,47.27,5.87,4.88,Clay,Maize,16-07-2023,3459.66
33.74,152.43,69.55,6.33,4.21,Loamy,Rice,17-10-2023,1909.94
21.02,176.22,71.59,8.3,2.64,Loamy,Maize,13-05-2023,5818.9
31.66,86.33,33.2,6.59,3.73,Loamy,Rice,31-10-2023,4426.41
22.6,268.6,72,7.16,1.88,Sandy,Wheat,05-09-2023,6863.56
27.14,181.68,77.88,8,5.23,Clay,Rice,14-07-2023,7182.37
29.63,231.42,55.92,8.15,4.79,Clay,Soybean,14-04-2023,7779.66
20.06,136.7,81.1,7.41,2.2,Clay,Soybean,11-04-2023,5402.73
32.98,68.35,79.75,5.65,1.71,Sandy,Maize,27-07-2023,6295.22
30.57,176.82,66.98,6.13,5.25,Sandy,Soybean,27-10-2023,1137.85
22.77,99.38,65.35,8.02,1.54,Silty,Soybean,29-07-2023,6175.88
30.12,293.12,53.08,7.54,2.2,Clay,Rice,19-03-2023,5373.86
30.67,141.32,43.25,5.65,3.26,Loamy,Maize,05-08-2023,6757.64
39.6,203.41,30.4,7.91,4.4,Loamy,Rice,20-03-2023,2723.91
23.94,64.91,43.32,6.04,4.29,Silty,Cotton,19-02-2023,5729.88
35.27,241.96,47.7,6.05,4.78,Silty,Soybean,10-02-2023,4001.72
35.14,202.78,68.36,8.04,3.58,Loamy,Maize,30-12-2023,3431.29
39.03,187.37,66.16,6.99,5.15,Loamy,Rice,02-10-2023,5628.01
31.17,80.12,36.11,6.21,4.24,Clay,Cotton,21-04-2023,6656.86
30.61,127.38,76.52,6.42,2.85,Clay,Maize,07-07-2023,2073.72
35.16,99.57,80.6,7.5,4.97,Sandy,Wheat,19-04-2023,1649.92
24.85,66.35,80.74,8.39,4.39,Clay,Wheat,29-06-2023,7659.11
33.27,59.59,77.39,5.69,3.72,Sandy,Maize,16-09-2023,7752.63
28.3,136.99,68.16,6.26,2.12,Silty,Rice,06-12-2023,2127
34.4,55.98,62.42,6.7,2.15,Silty,Rice,24-01-2023,6874.13
26.85,96.83,53.66,8.05,2.09,Sandy,Cotton,10-02-2023,6414.32
23.95,296.43,72.89,7.95,3.9,Loamy,Soybean,25-02-2023,2173.12
33.19,163.41,55.83,6.61,1.75,Silty,Maize,26-09-2023,6672.7
20.03,196.72,60.5,5.53,4.46,Silty,Maize,07-11-2023,1552.54
26.39,161.65,48.51,6.12,2.87,Silty,Soybean,04-09-2023,1076.96
31.62,185.11,73.23,6.1,2.42,Silty,Wheat,28-06-2023,4584.75
31.22,68.85,46.87,7.1,2.38,Loamy,Maize,18-05-2023,1439.75
32.81,237.55,36.22,5.92,3.18,Loamy,Maize,17-05-2023,7037.94
32.86,202.47,30.84,5.94,2.03,Clay,Cotton,09-12-2023,5434.59
30.76,175.26,43.45,5.97,3.63,Silty,Maize,16-04-2023,6558.57
28.99,118.33,87.17,6.7,3.92,Silty,Cotton,11-05-2023,2763.87
27.44,107.56,64.4,8.18,3.27,Loamy,Maize,23-08-2023,1933.69
25.81,65.03,76.52,7.98,3.82,Silty,Cotton,31-10-2023,3888.91
26.41,133.35,80.14,5.76,5.26,Silty,Rice,30-01-2023,2643.02
34.07,120.95,62.57,6.46,3.27,Loamy,Cotton,25-10-2023,1928.98
20.88,115.32,44.49,7.85,4.98,Clay,Rice,29-08-2023,2941.11
32.53,166.16,87.09,6.9,2.05,Clay,Rice,12-01-2023,4708.97
31.66,260.85,66.48,8.12,3.26,Sandy,Soybean,03-07-2023,3352.92
34.03,102.14,69.17,7.47,5.36,Sandy,Cotton,05-04-2023,5144.86
39.79,76.8,49.03,5.75,2.88,Clay,Wheat,23-12-2023,4280.06
25.18,119.29,40.66,6.54,4.39,Clay,Wheat,28-05-2023,6820.12
34.12,52.5,66.45,7.91,4.18,Sandy,Maize,21-04-2023,4397.18
32.85,205.49,46.41,6.3,2.32,Loamy,Maize,27-01-2023,7470.7
27.59,299.87,52.52,6.26,4.09,Silty,Rice,25-01-2023,3307.31
30.36,61.47,50.62,6.92,4.09,Clay,Cotton,25-06-2023,3292.61
29.57,259.36,84.13,7.09,1.67,Loamy,Maize,30-07-2023,7642.09
32.44,57.87,84.59,8.06,3.65,Sandy,Soybean,03-12-2023,1138.66
23.4,290.26,63.76,5.54,1.91,Clay,Cotton,14-09-2023,4917.13
30.7,259.97,60.28,5.68,4.87,Clay,Rice,02-02-2023,6660.26
23.88,72.82,87.8,8.49,2.81,Sandy,Wheat,23-09-2023,6281.05
23.59,280.57,54.27,6.35,1.67,Silty,Maize,16-07-2023,6749.31
39.55,253.49,87.4,8.07,4.93,Sandy,Soybean,10-11-2023,5988.07
21.42,181.16,70.54,8,1.65,Loamy,Soybean,25-08-2023,4124.52
32.06,189.3,58.54,5.86,1.85,Clay,Wheat,02-01-2023,4219.07
29.71,171.11,49.69,6.41,2.66,Sandy,Wheat,20-12-2023,1161.75
39.44,96.92,54.28,6.41,1.76,Loamy,Cotton,10-11-2023,6001.34
29.34,96.52,79.46,7.18,4.61,Loamy,Soybean,26-02-2023,1802.79
34.59,246.9,60.1,5.84,3.88,Loamy,Cotton,02-05-2023,5094.06
28.88,115.23,62.57,6.05,3.63,Clay,Cotton,17-08-2023,7937
28.78,178.71,71.3,8.32,2.86,Clay,Wheat,09-04-2023,5108.51
22.95,265.38,70.19,6.44,2.75,Silty,Soybean,02-02-2023,1549.33
29.3,95.68,62.53,7.73,2.15,Loamy,Wheat,15-06-2023,4347.46
30.59,161.77,39.05,7.35,2.98,Clay,Cotton,01-07-2023,3815.88
28.89,81.72,42.96,6.57,4.57,Clay,Soybean,15-12-2023,3126.99
22.34,237.29,57.96,5.71,3.04,Clay,Wheat,11-07-2023,4379.05
35.66,273.57,55.05,6.31,4.05,Sandy,Soybean,12-07-2023,7296.66
24.23,228.28,56.73,7.78,3.55,Loamy,Wheat,27-11-2023,4732.74
24.81,110.36,50.38,8.31,3.63,Sandy,Rice,30-09-2023,1306.97
29.76,106.2,35.57,6.61,5.1,Silty,Wheat,24-01-2023,2530.99
29.34,263.97,48.69,6.75,3.03,Loamy,Wheat,16-07-2023,5384.55
38.91,123.97,79.25,6.67,2.78,Loamy,Maize,30-05-2023,2433.17
35.86,222.62,35.58,8.09,1.77,Clay,Rice,24-06-2023,4087.56
22.52,239.15,62.3,6.19,4.15,Clay,Soybean,23-03-2023,5485.36
26.28,74.42,51.72,6.62,4.8,Sandy,Soybean,18-11-2023,7817.31
29.38,225.96,40.9,8.3,5.13,Clay,Cotton,17-05-2023,5545.88
22.7,113.87,47.78,6.68,2.55,Loamy,Rice,01-11-2023,2905.44
26.75,54.84,38.21,7.81,3.7,Sandy,Rice,15-12-2023,3269.96
30.06,238.87,67.55,6.84,4.15,Loamy,Cotton,28-05-2023,3915.01
31.44,57.71,79.05,5.91,3.59,Sandy,Soybean,16-05-2023,3144.32
23.6,203.91,61.59,8.34,4.23,Sandy,Wheat,10-11-2023,2438.59
36.97,64.29,45.67,5.74,3.08,Loamy,Soybean,21-06-2023,4387.28
28.76,247.37,60.22,5.54,4.07,Sandy,Maize,17-01-2023,2665.05
33.52,284.35,51.8,7.84,3.79,Clay,Rice,18-10-2023,2329.39
25.04,266.18,77.89,5.78,4.94,Silty,Cotton,01-08-2023,2133.6
31.74,114.07,56.54,7.87,5.48,Silty,Cotton,12-11-2023,5094.72
21.52,287.39,43.02,6.69,1.83,Sandy,Cotton,14-12-2023,3998.02
25.07,140.77,66.41,7.38,4.08,Silty,Soybean,26-02-2023,4314.11
21.54,193.9,57.93,7.14,4.45,Clay,Rice,01-04-2023,6894.37
21.63,194.17,85.36,7.39,5.43,Clay,Cotton,13-04-2023,4398.27
39.62,169.96,51.99,6.47,1.82,Silty,Rice,16-06-2023,7852.79
25.38,293,67.73,8.16,4.54,Silty,Rice,21-09-2023,7393.04
20.69,272.28,44.22,7.55,4.03,Sandy,Soybean,18-06-2023,3021.97
33.14,203.53,36.18,6.51,2.62,Silty,Soybean,18-04-2023,4362.46
34.82,108.57,37.31,7.92,2.35,Sandy,Wheat,30-05-2023,6997.71
28.6,110.46,35.93,6.16,3.19,Silty,Wheat,30-07-2023,6885.6
30.85,283.42,75.63,7.36,2.37,Loamy,Cotton,22-12-2023,1223.77
34.61,258.23,73.92,8.29,4.41,Loamy,Wheat,14-04-2023,5931.56
38.99,237.73,85.73,5.68,2.96,Loamy,Soybean,10-09-2023,5976.49
24,239.79,44.46,6.76,4.41,Silty,Rice,20-06-2023,5574.71
24.79,173.4,38.04,6.31,2.1,Sandy,Rice,02-05-2023,6369.97
27.58,130.16,36.16,5.99,3.62,Loamy,Rice,26-03-2023,1592.55
26.06,142.57,36.79,5.53,4.64,Sandy,Soybean,11-10-2023,4287.42
36.68,127.09,41.82,6,2.8,Sandy,Maize,07-07-2023,3113.67
39.86,183.85,49.25,6.29,5.18,Clay,Soybean,11-05-2023,2080.27
33.95,103.18,48.36,8.27,3.19,Sandy,Rice,25-10-2023,2254.78
34.68,262.66,56.76,6.94,5.06,Sandy,Cotton,11-06-2023,5663.42
21.48,235.98,30.28,6.74,4.25,Clay,Cotton,26-09-2023,6690.36
30.62,160.41,55.84,6.1,4.75,Clay,Soybean,16-09-2023,4727.63
31.28,287.58,42.15,7.37,2.73,Loamy,Soybean,26-05-2023,1789.74
33.51,285.85,83.5,7.42,2.31,Silty,Maize,24-12-2023,3104.82
21.58,266.95,35.54,6.84,2.28,Sandy,Soybean,28-03-2023,1079.19
31.32,122.07,75.87,7.6,2.34,Clay,Soybean,31-07-2023,6574.15
35,179.2,50.09,7.34,2.36,Sandy,Soybean,07-05-2023,6882.31
27.44,154.62,79.74,7.77,3.32,Loamy,Wheat,03-04-2023,4376.47
39.46,206.59,65.85,6.06,3.83,Sandy,Wheat,19-07-2023,6648.67
22.89,180.64,46.42,7.06,3.82,Loamy,Rice,08-12-2023,3286.69
36.9,99.04,43.43,6.05,2.37,Silty,Maize,12-10-2023,5381.13
32.15,280.01,46.32,6.68,2.18,Loamy,Soybean,11-02-2023,4461
34.44,252.64,70.97,8.48,3.96,Loamy,Wheat,12-10-2023,4435.47
36.4,211.55,84.98,7.02,5.17,Silty,Soybean,18-06-2023,4857.65
34.85,159.45,31.55,6.73,4.62,Sandy,Rice,07-05-2023,1495.66
29.21,249.99,58.44,6.51,3,Clay,Cotton,19-03-2023,4995.41
28.41,166.28,80.9,6.54,4.81,Loamy,Cotton,17-05-2023,2209.72
39.98,162.42,82.37,7.11,3.46,Silty,Cotton,24-02-2023,1680.22
20.92,296.42,34.8,5.77,4.54,Silty,Wheat,17-07-2023,2122.53
38.05,247.93,46.94,8.32,5.36,Clay,Soybean,03-05-2023,5348.68
24.26,181.37,81.2,7.65,2.28,Sandy,Maize,18-03-2023,1963.32
27.15,228.37,56.23,8.15,4.04,Silty,Soybean,30-11-2023,6146.47
39.7,207.71,45.87,8.33,4.21,Loamy,Cotton,07-12-2023,2997.52
34.72,144.37,77.5,6.12,4.88,Sandy,Rice,10-01-2023,2964.91
33.79,168.67,54.81,7.29,4.68,Clay,Wheat,12-01-2023,3476.38
28.47,90.5,44.14,6.73,3.94,Clay,Rice,03-04-2023,6140.08
21.6,166.49,83.74,5.78,1.8,Sandy,Cotton,31-05-2023,5334.89
32.46,158.19,53.26,7.97,3.91,Silty,Wheat,07-09-2023,4885.1
20.43,267.96,36.4,5.64,1.55,Loamy,Wheat,12-02-2023,7263.96
37.37,72.33,65.48,8.21,2.54,Loamy,Cotton,20-11-2023,7344.56
28.78,170.19,63.64,6.05,3.04,Sandy,Wheat,16-05-2023,6991.13
32.22,248.85,82.61,6.52,3.81,Clay,Wheat,03-12-2023,4874.03
21.44,211.39,40.81,8.48,3.01,Silty,Rice,20-05-2023,6857.09
22.03,277.29,40.12,7.24,3.22,Clay,Wheat,18-04-2023,6477.42
31.14,178.85,58.09,8.17,2.94,Sandy,Wheat,19-07-2023,1961.6
32.86,134.74,39.57,8.21,2.51,Sandy,Maize,30-01-2023,4484.35
28.17,59.2,75.98,6.62,3.4,Sandy,Cotton,15-11-2023,4625
36.04,163.76,67.96,5.79,4.62,Loamy,Cotton,25-08-2023,4518.98
35.18,230.63,82.27,7.99,2.75,Silty,Maize,08-10-2023,5226.9
32.46,182.48,54.79,7.79,3.24,Clay,Cotton,03-05-2023,1241.1
27.61,123.02,42.97,7.7,1.96,Silty,Cotton,15-10-2023,1931.59
22.93,149.05,64.94,5.51,2.12,Silty,Maize,06-02-2023,5659.66
24.47,277.65,62.6,8.48,2.88,Loamy,Cotton,15-12-2023,4038.91
34.14,144.31,65.67,6.84,2.8,Sandy,Wheat,13-10-2023,4744.1
33.26,56.81,45.93,6.88,2.96,Sandy,Cotton,30-07-2023,1554.17
28.95,218.82,56.1,8.09,4.61,Clay,Rice,18-12-2023,1840.26
32.9,205.65,56.05,5.71,2.34,Clay,Soybean,26-07-2023,4820.65
31.46,297.19,57.37,6.84,4.06,Sandy,Soybean,25-04-2023,1726.97
39.75,183.92,83.73,6.97,2.35,Sandy,Wheat,06-05-2023,1073.44
25.97,276.76,74.34,6.66,1.73,Silty,Rice,23-03-2023,4888.86
32.7,163.7,53.41,7.2,4.05,Clay,Maize,29-10-2023,6951.59
29.38,77.26,36.05,6.53,2.38,Loamy,Wheat,19-06-2023,1250.3
31.98,110.46,36.76,6.88,3.58,Sandy,Soybean,01-04-2023,5142.57
32.13,171.71,65.63,7.31,3.11,Silty,Rice,08-04-2023,7776.85
35.37,209.75,52.86,5.56,3.52,Sandy,Maize,19-09-2023,7574.6
25.55,161.79,86.05,7.33,1.68,Silty,Wheat,20-07-2023,6432.47
30.78,235.86,72.71,5.94,5.03,Loamy,Maize,12-01-2023,5591.52
28.39,238.81,74.1,7.11,2.74,Loamy,Wheat,10-10-2023,5210.77
36.98,118.58,63.33,6.46,3.74,Silty,Wheat,05-11-2023,4066.11
26.15,142.48,57.22,7.06,1.83,Loamy,Soybean,26-02-2023,7355.24
24.83,188.6,88.9,8.39,3.15,Clay,Rice,12-07-2023,6056.88
34.97,186.64,61.34,5.88,3.4,Silty,Maize,03-04-2023,6056.21
37.31,276.88,35.86,6.05,4.6,Sandy,Rice,06-02-2023,5624.21
24.05,161.19,66.69,5.82,3.37,Silty,Wheat,28-03-2023,3902.83
29.01,250.82,38.44,6.38,2.86,Silty,Wheat,15-06-2023,5944.07
21.33,77.73,80.67,5.97,5.26,Silty,Cotton,08-01-2023,6102.1
26.11,95.85,43.96,7.07,3.08,Loamy,Soybean,04-03-2023,7550.38
30.81,153.04,66.29,7.88,5.31,Clay,Cotton,03-01-2023,1214.08
25.98,185.01,70.02,6.29,1.78,Silty,Rice,29-09-2023,3047.42
39.44,81.99,71.4,8.12,4.26,Sandy,Wheat,21-12-2023,4590.26
24.87,89.71,65.65,5.84,2.06,Clay,Soybean,17-09-2023,5745.98
30.94,297.31,67.61,8.19,5.13,Silty,Soybean,01-12-2023,7923.66
34.41,185.49,32.21,7.67,4.61,Loamy,Maize,18-07-2023,1386.07
36.02,295.52,66.2,7.86,3.8,Sandy,Rice,20-09-2023,3549.02
26.44,137.77,77.58,6.78,3.13,Loamy,Soybean,26-01-2023,2184.96
39.38,51.77,51.23,8,2.19,Silty,Maize,04-03-2023,6205.4
34.93,84.75,44.36,6.28,4.96,Clay,Cotton,25-10-2023,4557.4
25.09,62.6,66.85,7,3.26,Silty,Wheat,24-06-2023,5837.33
21.68,196.75,55.74,7.04,2.52,Loamy,Maize,13-04-2023,7662.03
33.71,232.15,30.57,7.26,3.74,Loamy,Wheat,30-08-2023,7354.17
29.26,195.94,67.72,6.3,2.57,Loamy,Cotton,16-09-2023,4681.38
29.97,67.7,87.58,7.57,3.54,Loamy,Maize,17-02-2023,2604.22
38.96,128.47,65.31,5.57,3.56,Silty,Maize,15-01-2023,6043.41
29.95,223.82,30.85,7.74,4.32,Loamy,Maize,24-05-2023,7990.88
26.47,60.72,75.95,5.99,5.46,Sandy,Soybean,14-08-2023,2899.66
22.03,270.82,63.39,5.7,1.87,Sandy,Maize,22-12-2023,6707.38
29.37,221.36,74.84,8.25,1.52,Sandy,Cotton,25-10-2023,2054.58
21.86,113.85,41.72,5.92,4.1,Clay,Rice,24-03-2023,7184.52
38.35,285.98,46.09,6.77,1.75,Silty,Maize,27-09-2023,1598.22
33.06,167.52,54.05,7.81,4.03,Silty,Soybean,16-12-2023,1220.29
38.69,121.4,38.59,7.77,5.01,Loamy,Rice,06-11-2023,1036.59
23.46,267.21,72.28,5.99,4.28,Clay,Rice,07-09-2023,1999.72
20.07,160.06,71.12,8.4,1.82,Silty,Maize,14-11-2023,2868.02
26.42,236.39,41.77,5.56,2.98,Sandy,Maize,28-11-2023,6453.9
26,293.03,74.1,8.15,3.41,Sandy,Cotton,26-02-2023,5100.28
27.63,158.43,79.99,8.39,3.49,Sandy,Wheat,14-11-2023,6383.21
22.1,220.31,54.01,8.25,3.17,Sandy,Soybean,20-12-2023,6407.72
22.53,197.04,35.25,6.91,1.8,Sandy,Cotton,02-07-2023,1316.14
34.29,106.36,48.3,6.81,5.08,Silty,Maize,20-09-2023,7253.4
22.54,236.35,37.92,7.92,5.3,Loamy,Soybean,09-02-2023,5643.85
34.82,119.7,35.57,5.93,3.72,Sandy,Wheat,04-10-2023,7698.46
20.62,60.6,35.31,7.13,2.36,Silty,Rice,25-06-2023,5753.71
28.91,290.77,66.72,5.68,2.24,Silty,Wheat,21-05-2023,5856.55
26.94,80.91,40.01,6.06,5.47,Silty,Rice,08-10-2023,1107.36
25.24,52.68,57.13,7.12,2.41,Silty,Maize,06-09-2023,7778.15
31.94,229.87,50.62,7.85,1.82,Clay,Maize,08-02-2023,4833.03
32.88,210.03,49.9,7.04,2.43,Loamy,Cotton,02-01-2023,4190.87
27.29,258.72,53.25,7.69,2.84,Silty,Soybean,13-12-2023,4699.06
32.4,76.71,63.54,7.3,4.92,Clay,Wheat,09-02-2023,1957.37
32.77,176.13,53.31,6.98,2.12,Silty,Maize,16-05-2023,1722.47
32.47,155.16,47.18,7.56,2.17,Silty,Cotton,16-01-2023,2774.19
34.15,56.35,74.25,7.68,5.2,Silty,Soybean,15-02-2023,1193.38
30.33,251.85,34.28,7.38,4.76,Sandy,Cotton,05-09-2023,2771.49
30.72,228.99,36.14,6.51,1.75,Silty,Maize,10-02-2023,2892.17
25.46,134.72,83.37,6.8,4.75,Sandy,Rice,02-08-2023,3905.58
25.15,58.91,43.29,6.21,1.91,Clay,Maize,07-02-2023,6996.81
21.7,227.12,41.23,7.47,2.55,Loamy,Rice,29-09-2023,3467.78
27.6,295.75,83.36,5.64,1.62,Sandy,Rice,15-01-2023,5833.18
24,143.99,74.1,7.98,2.87,Silty,Cotton,17-05-2023,4048.01
24.12,91.45,32.17,6.16,2.76,Sandy,Wheat,15-10-2023,3431.94
27.95,125.56,43.37,7.85,4.48,Loamy,Wheat,27-02-2023,1417.85
34.7,80.12,71.26,7.41,3.85,Loamy,Soybean,02-06-2023,6003.7
21.97,51.42,87.48,5.92,2.85,Sandy,Wheat,17-05-2023,2094.42
38.04,250.88,65.34,5.89,3.18,Loamy,Maize,19-01-2023,2326.56
22.66,286.58,68.78,6.37,4.71,Clay,Rice,23-09-2023,2493.28
31.99,288.15,76.41,7.65,2.37,Sandy,Rice,02-05-2023,7063.76
32.6,54.02,42.51,8.48,1.74,Silty,Cotton,18-09-2023,7786.8
38.73,78.07,33.46,5.66,5.36,Silty,Cotton,30-04-2023,7285
35.88,109.61,45.56,6.9,4.47,Loamy,Soybean,27-08-2023,5730.03
24.33,271.9,84.58,7.18,4.01,Loamy,Cotton,17-03-2023,7151.29
34.21,227.7,35.83,6.13,4.44,Loamy,Cotton,14-06-2023,4699.03
33.56,200.26,86.77,7.29,2.54,Loamy,Cotton,18-04-2023,5301.93
37.29,82.82,47.58,7.75,1.64,Silty,Maize,08-02-2023,4220.93
37.9,139.73,59.07,6.25,2.15,Loamy,Wheat,23-09-2023,4453.44
26.96,73.55,54.48,8.39,2.11,Sandy,Maize,04-07-2023,2092.36
28.03,51.97,70.28,6.08,4.69,Silty,Soybean,23-06-2023,7090
31.95,249.13,32.46,6.81,5.3,Sandy,Maize,30-08-2023,6692.31
36.35,277.6,51.12,7.59,5.47,Loamy,Cotton,15-06-2023,2573.85
33.62,235.21,67.73,7.02,4.16,Loamy,Maize,28-05-2023,2732.09
26.73,132.79,63.42,7.94,3.12,Silty,Cotton,17-11-2023,5231.39
31.25,88.18,45.74,7.15,2.9,Clay,Soybean,25-02-2023,3359.11
35.55,163.54,89.23,6.06,4.04,Silty,Soybean,10-09-2023,4579.84
32.79,51.04,81.5,7.8,2.59,Loamy,Cotton,16-08-2023,7534.22
37.45,124.34,76.27,6.46,2.6,Clay,Maize,10-09-2023,4917.99
28.88,156.5,35.82,8.41,4.14,Silty,Cotton,14-01-2023,7968.33
24.04,58.99,78.63,6.31,2.5,Silty,Maize,29-07-2023,1899.5
25.61,215.25,80.92,8.1,3.98,Silty,Maize,04-05-2023,3539.86
22.96,194.17,73.25,8.42,3.81,Clay,Rice,17-04-2023,7029.08
35.42,237.38,82.92,8.12,2.64,Sandy,Cotton,10-08-2023,6593.11
36.03,210.02,64.43,8.26,4.24,Sandy,Wheat,23-10-2023,3814.31
27.2,209.6,46.75,6.48,4.17,Sandy,Wheat,28-02-2023,4537.34
37.75,150.93,34.53,6.26,1.52,Sandy,Rice,08-03-2023,2189.78
23.82,210.47,47.83,6.25,4.15,Loamy,Rice,06-09-2023,4562.78
22.65,214.18,63.7,8.15,2.54,Silty,Wheat,22-09-2023,4348.56
35.76,103.09,40.86,5.99,5.48,Silty,Soybean,07-01-2023,3569.72
37.13,217.99,55.15,8.11,3.98,Silty,Soybean,10-08-2023,5256.8
26.66,159.42,83.67,5.69,4.05,Clay,Cotton,09-01-2023,1711.17
35.19,134.9,80.91,7.77,2.78,Silty,Maize,05-07-2023,2811.65
27.11,241.44,37.83,6.25,5.2,Sandy,Wheat,20-01-2023,5552.8
24.68,286.49,56.98,6.27,3.74,Clay,Maize,17-06-2023,2891.38
36.57,155.41,75.57,6.17,4.2,Sandy,Soybean,17-09-2023,7313.97
39.16,69.13,37.6,8.01,4.67,Silty,Rice,09-02-2023,3733.14
24.9,69.53,83.73,7.4,3.21,Sandy,Wheat,13-11-2023,2202.06
36.59,128.83,62.56,6.61,1.82,Loamy,Rice,26-06-2023,1570.18
27.72,207.18,39.81,8.42,1.99,Loamy,Wheat,16-02-2023,7189.4
35,256.35,87.45,6.7,4.46,Clay,Cotton,18-07-2023,2041.4
39.56,151.72,60.88,5.89,3.4,Clay,Maize,23-06-2023,2610.31
35.08,147.18,47.15,7.33,4.78,Loamy,Soybean,27-09-2023,3328.99
39.49,164.27,30.68,5.51,1.63,Loamy,Soybean,24-09-2023,6452.63
35.12,189.63,55.47,6.25,3.54,Clay,Cotton,13-02-2023,4464.48
24.13,88.38,57.71,6.95,5.47,Clay,Maize,06-02-2023,1750.5
35.04,168.66,48.66,6.86,2.06,Silty,Soybean,15-05-2023,5351.91
25.16,183.71,82.01,6.46,4.6,Loamy,Rice,14-12-2023,3444.13
28.67,224.99,47.21,6.31,2.7,Loamy,Rice,27-03-2023,3918.6
37.65,186.11,80.66,6.76,4.28,Clay,Soybean,11-01-2023,5167.57
39.75,169.85,69.08,5.92,5.33,Silty,Cotton,04-09-2023,1429.39
26.41,221.41,41.86,7.84,5.23,Clay,Cotton,28-04-2023,6803.82
39.4,243.55,48.73,6.44,4.96,Clay,Cotton,01-03-2023,7300.14
36.74,128.99,62.05,8.46,4.65,Silty,Maize,28-08-2023,6077.86
26.44,101.32,83.55,7.23,2.61,Clay,Wheat,13-03-2023,4147.16
29.97,224,73.69,7.91,2.6,Silty,Soybean,29-07-2023,7943.95
37.3,238.37,53.72,7.34,3.12,Loamy,Maize,20-01-2023,6513.77
23.61,55.56,41.86,8.22,1.68,Loamy,Maize,25-11-2023,6716.94
24.25,297.81,73.48,5.81,2.83,Loamy,Soybean,25-08-2023,6854.66
24.27,140.95,40.73,7.48,1.59,Clay,Wheat,04-01-2023,4212.74
36.11,252.6,36.82,7.54,3.02,Silty,Soybean,26-11-2023,1422.72
26.09,276.7,59.31,7.29,3.03,Clay,Rice,24-03-2023,6179.91
23.41,268.91,35.28,6.62,4.75,Loamy,Rice,15-04-2023,7915.49
33.2,96.66,78.86,7.87,3.52,Loamy,Soybean,12-02-2023,5052.29
38.57,128.13,74.5,6.55,3.66,Sandy,Soybean,12-11-2023,2248.5
34.15,134.23,68.92,7.31,3.47,Silty,Soybean,06-01-2023,3254.66
24.96,62.49,66.88,6.38,3.57,Loamy,Cotton,02-01-2023,5565
29.57,176.72,72.29,6.68,2.44,Sandy,Cotton,13-02-2023,7209.11
29.2,148.99,68.66,6.39,1.82,Silty,Rice,27-06-2023,5738.53
21.77,91.96,54.85,7.35,4.93,Silty,Cotton,16-03-2023,3135.44
39.06,69.07,53.34,6.72,2.75,Loamy,Soybean,22-02-2023,5163.49
31.11,96.66,30.13,8.14,2.85,Silty,Rice,01-11-2023,6815.47
34.93,215.1,51.01,6.24,3.63,Loamy,Wheat,16-01-2023,6359.38
22.6,196.33,64.1,8.47,1.64,Sandy,Rice,14-03-2023,2090.38
31.03,207.4,80.17,7.93,4.02,Loamy,Wheat,24-11-2023,3604.45
27.12,299.69,88.27,7.85,3.19,Loamy,Maize,08-12-2023,7319.55
25.04,138.96,30.38,7.37,4.05,Sandy,Maize,10-06-2023,4212.52
24.45,279.14,42.54,6.48,2.43,Silty,Soybean,04-01-2023,1413.67
32.19,205.91,40.51,8.28,4.15,Sandy,Cotton,05-03-2023,1264.61
29.75,234.61,66.56,6.8,2.28,Silty,Wheat,13-11-2023,7162.47
27,257.05,87.64,5.51,3.01,Clay,Soybean,08-09-2023,5593.65
22.56,80.95,87.51,6.97,3.89,Silty,Wheat,08-06-2023,6533.55
32.28,97.51,84.67,5.81,4.63,Clay,Cotton,11-01-2023,7214.67
21.11,88.23,81.08,7.81,4.91,Loamy,Wheat,23-04-2023,1076.75
23.59,127.77,85.25,5.72,3.64,Clay,Soybean,05-10-2023,3631.89
25.59,76.05,74.29,5.53,3.45,Sandy,Cotton,30-01-2023,2821.02
33.86,185.93,41.91,7.76,5.14,Silty,Rice,20-05-2023,6310.94
32.51,291.24,41.69,6.77,1.61,Clay,Maize,25-09-2023,4733.25
28.1,116.71,48.9,7.93,1.87,Silty,Cotton,23-09-2023,7318.68
34.81,79.24,41.89,6.56,4.19,Clay,Rice,20-02-2023,2125.19
31.15,159.23,44.94,6.79,4.6,Sandy,Soybean,01-10-2023,4165.36
21.28,70.33,67.82,6.01,3.72,Loamy,Soybean,31-10-2023,4119.6
23.56,235.88,62.55,5.6,4.47,Silty,Rice,21-09-2023,3016.31
37.74,254.06,32.37,5.59,1.64,Sandy,Maize,31-12-2023,1036.13
39.61,68.3,73.8,7.15,3.44,Silty,Wheat,05-08-2023,5392.15
34.4,214.35,40.57,7.81,1.87,Clay,Rice,07-11-2023,3763.26
29.01,54.56,59.4,6.15,1.98,Silty,Cotton,25-05-2023,2452.15
26.82,112.1,33.64,7.44,3.11,Loamy,Maize,17-01-2023,3194.7
33.21,159.08,89.63,7.45,3.63,Silty,Cotton,06-08-2023,4171.51
34.02,192.1,46.13,5.84,3.4,Loamy,Cotton,30-07-2023,1150.8
37.49,226.65,57.76,6.14,4.89,Clay,Wheat,19-09-2023,4110.87
32.74,281.51,43.42,5.59,4.86,Silty,Cotton,17-08-2023,7424.85
25.05,189.97,53.81,6.91,4.43,Silty,Cotton,25-01-2023,3495.76
35.04,283.91,76.62,5.92,2.83,Silty,Wheat,07-07-2023,4224.65
30.28,203.57,64.21,7.25,4.93,Silty,Maize,30-03-2023,5549.59
21.06,191.74,61.47,8.39,2.16,Loamy,Maize,27-06-2023,2062.47
37.65,252.07,86.71,7.98,2.14,Clay,Soybean,19-05-2023,6376.82
35.56,266.04,68.39,8.47,3.61,Loamy,Cotton,14-04-2023,6056.38
35.68,263.24,71.13,5.85,2.89,Clay,Cotton,12-09-2023,4197.9
28.16,83.38,46.51,7.2,2.94,Sandy,Maize,30-01-2023,6655.18
24.31,122.53,59.11,7.26,2.63,Loamy,Wheat,10-07-2023,6653.51
27.56,65.87,35.9,7.63,2.53,Loamy,Soybean,24-12-2023,2636.29
34.91,164.35,63.54,6.29,4.31,Loamy,Soybean,19-09-2023,7352.06
35.12,82.61,74.68,7.31,3.7,Loamy,Cotton,13-03-2023,6471.6
37.66,86.91,61.66,8.14,3.42,Silty,Maize,25-02-2023,6908.24
26.98,214.65,60.85,8.13,3.29,Clay,Wheat,04-07-2023,3418.65
21.95,288.09,63.95,6.99,3.19,Clay,Cotton,02-08-2023,2279.59
21.65,205.08,43,5.73,1.87,Sandy,Wheat,04-08-2023,7153.41
39.17,232.42,68.31,5.66,5.41,Loamy,Soybean,18-12-2023,2620.31
26.77,88.2,88.84,7.6,1.61,Silty,Wheat,25-01-2023,6165.91
22.7,281.96,30.97,6.57,2.52,Loamy,Maize,26-10-2023,5355.69
24.2,192.41,71.21,6.92,4.76,Sandy,Soybean,18-11-2023,3095.12
27.03,199.78,45.59,6.23,1.83,Silty,Soybean,21-03-2023,6911.41
21.44,281.68,69.17,8.23,3.86,Clay,Wheat,11-08-2023,4995.52
29.42,213.08,86.49,6.62,2.69,Silty,Maize,16-11-2023,1947.48
27.45,177.81,75.1,7.77,2.51,Loamy,Wheat,13-01-2023,2395.84
26.01,146.81,71.83,8.27,4.77,Clay,Wheat,24-02-2023,2214.27
25.41,74.06,52.46,5.71,4.66,Loamy,Wheat,26-08-2023,3505.4
31.59,186.21,64.82,7.34,3.38,Silty,Rice,14-11-2023,4331.5
29.04,142.33,78.17,5.77,2.05,Silty,Maize,20-11-2023,4043.3
34.73,214.33,84.35,7.04,4.78,Loamy,Wheat,20-05-2023,7437.27
36.73,125.9,60.88,7.58,3.37,Loamy,Cotton,26-07-2023,2793.43
21.92,123.61,34.93,6.41,2.32,Silty,Rice,16-05-2023,6795.74
28.74,193.13,34.05,5.7,1.72,Silty,Maize,18-01-2023,3679.58
35.05,65.42,32.22,7.27,4.25,Sandy,Wheat,19-08-2023,1271.16
33.43,143.51,60.92,6.32,3.82,Clay,Soybean,02-09-2023,5543.73
34.69,127.76,78.13,6.97,3.26,Sandy,Maize,06-01-2023,7449.69
23.95,263.08,44.76,7.76,4.51,Loamy,Maize,04-07-2023,5734.34
29.77,173.31,33.01,6.92,3.57,Clay,Rice,27-06-2023,7905.57
29.69,247.79,33.8,5.54,4.86,Silty,Maize,08-09-2023,6869.97
26.44,141.29,49.04,6.04,3.14,Silty,Cotton,27-05-2023,1582.56
28.88,200.24,42.95,7.14,3.17,Silty,Soybean,20-04-2023,4851.55
23.7,246,54.07,5.58,4.64,Silty,Cotton,09-03-2023,6784.9
30.09,165.59,58.81,6.41,4.47,Clay,Maize,03-02-2023,5381.3
30.21,296.95,52.42,7.79,3.76,Loamy,Rice,04-10-2023,4042.9
23.73,276.04,83.99,8.24,2.1,Loamy,Wheat,21-10-2023,5678.42
24.13,107.83,62.62,6.6,4.48,Silty,Cotton,07-02-2023,7729.76
32.84,165.05,74.13,6.08,3.96,Sandy,Cotton,20-05-2023,6106.8
35.92,257.87,31.19,8.09,3.82,Loamy,Soybean,11-05-2023,5532.74
25.82,293.37,66.64,7.89,1.64,Silty,Soybean,21-12-2023,3096.69
29.07,160.1,40.75,8.4,5.45,Loamy,Cotton,28-03-2023,7471.86
32.52,56.69,85.08,7.56,3.19,Silty,Soybean,17-02-2023,2343.55
29.79,66.63,41.79,7.86,1.6,Loamy,Soybean,06-10-2023,2856.33
36.91,128.45,73.07,5.58,1.98,Loamy,Maize,22-04-2023,1758.61
34.23,203.14,36.73,6.15,1.81,Loamy,Maize,05-01-2023,2068.16
29.51,247.88,76.56,6.03,2.26,Silty,Rice,01-09-2023,4232.85
23.62,112.64,84.5,7.28,3.76,Clay,Cotton,18-11-2023,1553.64
33.46,118.04,60.36,8.14,2.76,Silty,Rice,05-04-2023,3923.87
29.36,140.18,53.99,7.05,3.15,Clay,Maize,12-07-2023,5601.89
28.78,187.64,39.86,6.94,3.24,Silty,Soybean,17-08-2023,1387.84
33.69,89.16,66.84,7.69,1.66,Clay,Maize,05-12-2023,4936.87
33.32,202.53,64.41,7.31,3.87,Silty,Soybean,10-09-2023,3783.03
32.59,65.18,71.14,7.56,3.81,Sandy,Cotton,14-03-2023,3906.89
27.84,112.8,38.11,7.5,3.16,Loamy,Maize,24-11-2023,4518.23
30.45,93.24,61.02,5.99,4.92,Clay,Rice,30-06-2023,3100.63
35.39,124.05,40.08,5.93,4.7,Clay,Soybean,11-09-2023,7698.11
22.24,188.09,76.91,6.13,4.14,Clay,Wheat,19-03-2023,3478.72
30.46,60.08,33.18,6.65,2.15,Silty,Rice,06-11-2023,2608.34
23.89,149.72,76.65,7.81,4.19,Sandy,Cotton,05-09-2023,6956.86
27.46,258.82,88.54,6.61,1.64,Loamy,Rice,09-10-2023,5367.2
29.31,51.57,46.9,7.4,4.57,Sandy,Soybean,02-03-2023,7689.44
35.67,168.27,44.46,6.34,5.08,Loamy,Maize,01-01-2023,4371.17
39.53,77.68,51.15,7.52,3.12,Clay,Soybean,19-07-2023,2854.51
26.31,290.11,30.16,7.48,4.99,Loamy,Soybean,05-05-2023,7313.06
38.08,293.11,32.94,6.4,3.65,Sandy,Cotton,04-12-2023,3906.13
30.85,170.92,60.04,7.46,2.74,Silty,Rice,21-04-2023,1391.58
34.39,285.89,30.28,7.87,3.8,Sandy,Wheat,01-10-2023,2981.09
26.93,241.31,47.59,8.44,2.95,Clay,Wheat,03-06-2023,1103.88
20.71,255.46,44.56,5.85,3.24,Sandy,Soybean,03-07-2023,3345.87
32.59,223.33,40.02,6.36,4.29,Clay,Soybean,15-09-2023,7737.01
20.89,80.15,83.88,7.25,2.36,Loamy,Wheat,15-04-2023,6649.14
33.46,141.72,66.04,5.83,5.35,Clay,Rice,25-09-2023,4045.56
28.65,133.28,57.87,6.52,5.24,Loamy,Soybean,26-12-2023,5019.52
20.32,177.68,72.88,5.71,2.8,Sandy,Rice,09-04-2023,6223.76
38.15,290.03,67.29,7.29,4,Sandy,Maize,22-04-2023,5995.37
31.58,106.07,71.62,5.95,1.77,Silty,Maize,13-02-2023,6046.12
22.01,294.99,68.52,5.91,5.33,Silty,Maize,06-02-2023,3118.43
30.18,74.36,55.69,8.32,3.86,Loamy,Maize,21-12-2023,3760.86
29.98,258.42,53.57,6.47,3.8,Sandy,Maize,22-10-2023,5376.27
22.18,235.38,56.78,8.35,3.78,Loamy,Wheat,02-07-2023,6158.14
33.56,238.6,88.7,5.51,3.46,Loamy,Soybean,25-04-2023,1609.3
22.07,111.62,37.15,7.02,5.34,Silty,Maize,29-06-2023,2437.37
28.17,162.23,61.81,5.6,3.5,Sandy,Rice,13-03-2023,3559.73
23.23,157.59,82.79,6.43,4.01,Silty,Cotton,16-08-2023,3090.61
24.77,57.21,86.81,6.27,2.89,Sandy,Rice,17-01-2023,7258.49
24.78,96.58,85.04,7.35,5.16,Loamy,Rice,09-04-2023,6764.85
39.26,162.26,54.76,8.34,2.71,Loamy,Soybean,02-01-2023,2121.6
21.68,209.49,83.19,8.08,5.17,Loamy,Maize,25-02-2023,3773.89
23.43,53.15,60.26,7.51,3.4,Silty,Wheat,10-06-2023,7494.1
33.7,250.5,50.09,7.56,4.65,Loamy,Rice,14-12-2023,3163.53
25.37,84.73,78.49,6.09,3.28,Clay,Cotton,22-02-2023,2955.26
24.13,62.13,34.02,6.74,1.92,Clay,Cotton,24-12-2023,5166.68
26.03,91.03,50.83,6.54,5.16,Loamy,Wheat,15-03-2023,6967.36
31.91,186.65,68.95,8,2.51,Clay,Soybean,26-04-2023,4363.52
22.12,181.63,86.91,6.45,2.14,Clay,Maize,10-11-2023,3373.67
25.03,286.68,87.87,5.69,1.92,Loamy,Wheat,10-08-2023,6433.59
36.45,287.56,47.79,7.16,4.83,Clay,Cotton,03-06-2023,2722.78
28.49,177.53,75.58,6.24,5.16,Loamy,Rice,25-07-2023,5370.93
26.23,141.25,68.64,6.34,3.79,Loamy,Soybean,06-09-2023,4429.87
24.62,298.81,89.18,5.64,5.49,Silty,Maize,12-01-2023,7729.4
28.73,295.48,48.52,7.07,4.42,Sandy,Rice,01-11-2023,3419.38
24.69,179.42,63.27,6.18,3.42,Loamy,Soybean,04-08-2023,4999.34
39.46,159.55,47.11,7.32,5.3,Clay,Wheat,03-12-2023,4359.92
24.78,246.61,34.67,7.04,3.82,Loamy,Cotton,15-11-2023,2974.3
32.35,234.9,46.55,6.2,2.39,Sandy,Cotton,26-12-2023,2175.1
30.91,172.87,50.1,7.08,2.93,Sandy,Soybean,06-04-2023,3682.93
27.62,259.71,54.67,5.83,3.72,Loamy,Soybean,01-03-2023,3113.17
29.31,253.68,49.38,5.68,4.15,Clay,Wheat,27-10-2023,5567.92
32.31,227.31,61.24,7.47,1.69,Clay,Cotton,25-02-2023,6257.47
35.69,95.41,86.59,6.94,4.65,Sandy,Soybean,07-09-2023,3904.93
33.82,259.33,62.99,8.01,2.64,Sandy,Maize,13-02-2023,5468.75
34.43,263.66,33.6,6.77,3.17,Silty,Maize,07-10-2023,4255.57
38.54,252.18,85.7,7.94,2.04,Silty,Rice,10-07-2023,7163.43
35.84,261.69,57.34,6.44,3.77,Silty,Rice,23-11-2023,5515.39
32.7,216.22,44.03,7.03,2.01,Sandy,Rice,29-05-2023,2105.12
32.21,186.82,54.54,5.93,1.93,Loamy,Soybean,29-09-2023,6637.06
20.96,286.39,33.52,6.3,2.46,Loamy,Rice,08-01-2023,6214.11
26.09,173.82,37.79,7.9,4.65,Clay,Soybean,16-11-2023,4336.62
22.55,195.16,43.75,7.8,4.48,Loamy,Soybean,14-03-2023,5690.02
24.05,98.68,82.53,7.05,5.26,Clay,Cotton,25-04-2023,6260.87
22.24,216.43,39.3,6.62,4.76,Clay,Wheat,28-02-2023,7361.42
36.95,180.88,44.67,8.32,2.65,Silty,Maize,18-07-2023,7146.4
35.31,73.83,58.92,7.14,1.52,Sandy,Soybean,16-01-2023,5778.42
24.95,268.34,75.34,6.57,3.67,Clay,Rice,23-12-2023,4264.36
31.73,213.88,81.16,7.81,5.1,Clay,Maize,06-07-2023,5170.3
39.96,264.15,65.99,8.2,4.85,Loamy,Rice,14-06-2023,2489.35
36.45,173.64,77.94,7.37,3.53,Sandy,Maize,17-12-2023,2825.97
37.01,293.48,37.22,5.51,2.04,Loamy,Rice,28-03-2023,5141.57
24.71,87.99,87.42,6.45,4.63,Loamy,Wheat,18-01-2023,3304.97
29.61,171.63,43.52,7.2,3.37,Sandy,Rice,27-07-2023,3894.42
25.71,198.85,68.75,7.9,3.52,Sandy,Cotton,31-08-2023,1497.3
35.28,286.22,74.01,7.7,2.4,Clay,Rice,12-02-2023,4829.84
23.5,280.67,63.35,7.45,4.25,Sandy,Maize,10-01-2023,5496.47
22.16,86.75,38.37,6.86,5.47,Sandy,Wheat,06-02-2023,2230.94
30.84,98.82,73,6.21,2.08,Sandy,Soybean,03-04-2023,6933.43
27.65,139.85,41.16,5.68,5.15,Loamy,Soybean,10-06-2023,2324.7
36.44,105.73,67,6.46,3.86,Sandy,Cotton,01-12-2023,3435.63
35.23,187.25,56.76,8.33,4.06,Sandy,Rice,15-11-2023,7876.68
38.48,223.28,49.34,7.46,4.1,Loamy,Maize,02-12-2023,3492.88
30.75,175.02,70.85,5.94,3.83,Sandy,Rice,26-05-2023,6248.22
33.72,251.82,79.21,5.6,2.84,Sandy,Rice,26-04-2023,6439.2
33.65,107.06,44.2,7.71,4.52,Clay,Rice,20-10-2023,4129.71
26.77,52.57,39.78,6.15,4.03,Clay,Soybean,17-04-2023,3722.37
24.18,289.27,39.72,6.11,1.73,Sandy,Rice,30-09-2023,4691.81
37.1,249.66,56.67,6.51,2.16,Silty,Soybean,07-01-2023,2593.32
29.15,106.27,42.04,5.9,4.95,Sandy,Wheat,17-06-2023,7475.41
21.96,276.04,89.11,6.51,4.71,Clay,Wheat,14-10-2023,2794.21
33.06,195.64,30.69,7.59,2.46,Silty,Rice,05-06-2023,7728.93
28.2,161.24,68.72,5.65,4.81,Clay,Rice,08-01-2023,6748.84
21,187.79,51.01,6.78,2.85,Silty,Wheat,15-06-2023,2117.47
34.56,93.55,71.29,7.57,4.46,Loamy,Rice,04-11-2023,7363.83
22.94,65.24,70.28,6.25,2.52,Loamy,Wheat,27-07-2023,2454.34
38.91,218.37,66.92,7.69,3.95,Sandy,Soybean,24-09-2023,7009.97
36.33,131.96,36.25,6.67,2.38,Clay,Maize,20-05-2023,2381.48
37.44,77.05,74.35,8.27,2.24,Silty,Rice,05-03-2023,2246.12
38.31,146.49,32.2,6.63,3.75,Sandy,Rice,31-01-2023,4536.5
21.7,132.69,83.3,7.01,3.71,Clay,Wheat,04-04-2023,5762.58
30.56,243.16,68.82,8.17,3.51,Clay,Maize,11-06-2023,5738.42
24.04,270.04,42.79,6.66,4.36,Clay,Maize,13-06-2023,4628.49
26.53,292.77,58.98,6.58,3.5,Loamy,Wheat,12-01-2023,2093.1
27.43,134.49,51.9,8.37,3.14,Silty,Maize,22-12-2023,2383.27
39.16,193.1,45.33,8.23,1.79,Silty,Wheat,01-12-2023,5221.27
29.45,87.24,57.29,6.33,4.76,Silty,Rice,07-05-2023,1270
26.09,278.66,31.26,8.48,4.34,Loamy,Maize,15-12-2023,1229.33
29.51,108.94,36.43,5.51,3.61,Loamy,Rice,04-07-2023,5452.43
32.19,283.91,80.85,7.85,5.14,Sandy,Cotton,28-09-2023,7212.8
25.45,85.34,53.03,8.21,3.44,Sandy,Rice,09-07-2023,1538.93
28.7,141.48,55.87,8.3,5.29,Sandy,Maize,01-04-2023,4528.53
28,244.68,55.12,7.08,4.11,Loamy,Cotton,14-01-2023,5037.65
27.42,106.29,79.33,7.9,2.11,Sandy,Soybean,13-07-2023,5784.83
39.04,237.91,61.55,6.54,4.03,Sandy,Wheat,22-11-2023,7837.8
26.29,259.03,41.12,6.36,4.85,Clay,Maize,15-06-2023,1673.45
25.6,249.96,38.32,5.86,3,Loamy,Cotton,21-05-2023,7837.72
25.18,285.87,31.7,7.64,2.23,Sandy,Wheat,03-09-2023,1967.36
29.06,74.32,66.43,6.72,3.3,Silty,Wheat,03-02-2023,6498.32
30.6,55.27,80.34,6.31,2.67,Clay,Maize,24-08-2023,4165.12
22.56,131.36,42.59,5.63,3.18,Loamy,Wheat,08-10-2023,2096.13
20.64,277.08,31.54,6.23,4.41,Clay,Rice,23-06-2023,1396.98
35.3,186.12,80.35,6.11,5.48,Silty,Rice,28-02-2023,6376.58
24.84,273.2,45.76,6,2.41,Sandy,Maize,11-12-2023,5340.81
31.91,167.83,35.77,6.04,2.72,Loamy,Cotton,20-12-2023,7109.42
36.32,245.81,60.22,8.35,3.36,Sandy,Maize,01-06-2023,7094.45
36.79,119.27,40.7,6.91,4.14,Clay,Soybean,17-03-2023,3939.57
21.31,266.17,36.78,6.4,1.82,Clay,Rice,11-08-2023,1488.78
23.61,286.95,30.27,5.55,5.42,Silty,Wheat,17-06-2023,6348.24
35.31,274.49,38.97,7.02,2.15,Silty,Cotton,19-10-2023,4503.11
36.16,103.51,33.52,6.48,2.13,Sandy,Rice,23-10-2023,3706.67
35.08,225.21,44.11,5.87,2.51,Sandy,Rice,05-01-2023,7946.95
34.72,84.27,63.4,7.34,4.98,Loamy,Maize,04-07-2023,4048.84
23.49,287.79,81.85,7.82,3.96,Silty,Soybean,07-05-2023,6204.56
21.71,244.96,78.17,5.63,3.82,Loamy,Soybean,13-05-2023,6987.66
32.18,56.86,68,6.47,4.83,Loamy,Wheat,05-12-2023,6397.15
32.32,281.75,48.85,7.64,3.98,Silty,Maize,24-05-2023,5731.87
32.39,117.24,63.96,7.96,2.41,Sandy,Maize,29-11-2023,7201.46
34,174.92,80.6,7.64,2.15,Loamy,Wheat,21-11-2023,4372.08
36.29,270.14,76.06,5.82,2.88,Silty,Maize,03-12-2023,4331.22
21.42,200.29,68.14,8.03,3.83,Clay,Cotton,28-06-2023,1061.17
39.42,130.87,88.5,7.81,2.21,Sandy,Cotton,20-11-2023,6036.03
31.7,194.92,87.69,6.73,3.39,Loamy,Soybean,02-10-2023,2030.65
33.06,233.51,85.81,6.14,4.85,Sandy,Rice,06-05-2023,7136.94
31.85,104.81,36.84,5.67,4.57,Loamy,Wheat,15-11-2023,4820.55
39.97,67.25,76.09,5.87,2.73,Silty,Rice,03-08-2023,5238.47
23.94,133.23,65.45,6.16,2.74,Sandy,Soybean,03-04-2023,2570.59
36.28,170.2,62.84,7.86,3.34,Sandy,Maize,05-11-2023,2582.76
28,170.23,62.43,7.01,1.58,Loamy,Maize,02-04-2023,6660.92
37.05,110.49,34.28,6.54,3.81,Loamy,Soybean,11-05-2023,2435.42
32.99,271.78,31.29,7.05,4.15,Sandy,Maize,20-03-2023,3706.24
32.51,291.8,31.45,7.76,5.45,Sandy,Maize,04-04-2023,2582.38
29.06,208.67,46.97,7.99,1.56,Loamy,Rice,28-03-2023,3416.7
22.22,294.79,50.85,8.37,3.47,Silty,Soybean,08-06-2023,4460.22
22.82,96.24,73.22,7.84,1.52,Silty,Soybean,30-10-2023,6572.78
21.74,260.94,38.06,7.4,3.75,Sandy,Rice,09-01-2023,7521.88
25.9,266.82,62.06,6.74,2.07,Sandy,Rice,17-10-2023,7352.2
32.67,158.37,69.81,6.9,3.99,Silty,Wheat,28-07-2023,2165.15
36.2,241.16,68.52,7.58,4.58,Loamy,Maize,09-12-2023,5675.06
29.27,166.91,74.93,6.62,3.35,Silty,Maize,19-07-2023,4930.24
33.45,93.69,36.88,6.47,5.43,Sandy,Rice,06-02-2023,4647.53
38,86.52,52.14,8.03,3.68,Loamy,Maize,20-09-2023,5240.57
20.72,270.08,31.46,7.86,4.07,Clay,Wheat,26-02-2023,7686.69
20.2,201.13,66.5,5.98,2.25,Sandy,Wheat,26-10-2023,2302.09
25.31,231.73,50.72,7.86,3.69,Silty,Wheat,08-07-2023,6267.76
39.77,88.32,40.21,8.14,4.09,Clay,Rice,17-12-2023,3587.72
24.32,80.84,37.6,5.9,3.87,Silty,Soybean,10-05-2023,2956.77
25.63,106.75,42.24,7.99,1.64,Clay,Soybean,11-06-2023,4896.4
21.31,294.58,31.04,7.15,4.21,Silty,Wheat,21-03-2023,4108.2
34.6,208.62,38.41,7.99,1.99,Silty,Wheat,15-04-2023,4524.71
30.38,255.07,55.86,8.12,4.4,Loamy,Soybean,05-01-2023,6175.42
25.37,173.44,71.14,6.04,3.4,Silty,Rice,26-10-2023,1140.45
34.18,92.04,72.06,6.77,3.9,Loamy,Soybean,14-04-2023,4393.09
38.7,247.36,68.53,7.29,5.41,Clay,Rice,31-05-2023,5187.33
36.66,130,83.84,6.95,5.14,Silty,Rice,02-10-2023,1847.1
35.73,218.87,55.74,6.68,2.83,Clay,Cotton,18-06-2023,7252.27
28.94,256.67,39.76,8.31,3.03,Silty,Soybean,30-12-2023,1832.86
27.18,280.98,57.37,5.5,2.21,Clay,Soybean,24-02-2023,1019.33
38.51,263.13,62.43,6.27,4.68,Loamy,Rice,03-05-2023,4372.98
31.6,76.39,52.08,7.25,2.24,Sandy,Cotton,19-06-2023,5754.09
21.08,242.76,73.49,6.02,2.91,Clay,Rice,22-08-2023,6827.56
23.69,137.75,37.74,8.02,3.78,Clay,Wheat,18-03-2023,1132.75
30.56,133.31,40.84,7.46,3,Sandy,Maize,22-03-2023,3254.77
34.12,258.68,68.33,8.44,5.36,Silty,Rice,01-06-2023,2603.57
33.56,175,60.9,6.38,3.14,Loamy,Cotton,11-06-2023,4280.49
32.6,281.12,58.97,6.2,4.41,Clay,Cotton,28-11-2023,6275.52
25.85,77.17,50.59,7.27,3.1,Silty,Rice,09-06-2023,5294.71
24.7,239.33,41.7,5.64,4.77,Clay,Maize,29-01-2023,3488.34
37.81,244.87,37.45,6.24,3.81,Clay,Soybean,21-07-2023,6055.77
39.19,188.03,78.14,6.51,3.9,Clay,Soybean,17-12-2023,4520.25
38.24,279.84,48.3,6.36,3.29,Clay,Cotton,29-05-2023,4325.85
32.61,151.49,40.77,8.2,1.61,Clay,Cotton,29-05-2023,3425.85
32.14,233.68,70.29,5.64,2,Loamy,Wheat,30-09-2023,6164.88
27.36,192.62,43,7.97,4.47,Loamy,Wheat,23-11-2023,4948.99
23.76,219.99,44.08,5.79,5.09,Clay,Wheat,02-04-2023,5853.1
20.41,190.86,37.05,8,3.48,Clay,Wheat,21-09-2023,3695.44
36.96,73.74,36.31,7.83,2.87,Silty,Rice,03-07-2023,4386.49
28.43,215.73,54.17,6.95,2.45,Clay,Maize,21-04-2023,4320.81
32.74,158.68,80.58,5.78,5.04,Silty,Soybean,21-11-2023,7843.91
27.35,102.47,36.66,5.87,2.05,Silty,Rice,01-03-2023,7520.51
30.66,254.53,89.28,7.91,2.16,Clay,Soybean,29-10-2023,3997.95
35.25,282.38,37.2,5.93,4.78,Clay,Rice,05-09-2023,3709.42
22.02,132.58,49.26,8.35,3.74,Clay,Cotton,31-08-2023,2535.12
24.35,146.35,69.61,7.09,5.22,Clay,Maize,01-11-2023,3697.31
39.39,220.8,43.35,6.34,5.47,Clay,Cotton,01-02-2023,1931.56
34.9,247.25,84.66,8.05,5.34,Clay,Wheat,10-10-2023,4936.21
27.53,215.97,70.05,6.11,5.46,Sandy,Cotton,19-02-2023,6729.59
35.53,77.08,65.39,7,3.78,Clay,Maize,26-02-2023,4727.19
26.26,170.72,55.96,7.15,3.6,Clay,Rice,30-05-2023,4917.92
25.39,268.83,57.1,7.24,5.02,Sandy,Cotton,10-06-2023,3167.71
26.61,51.11,39.01,8.3,3.74,Loamy,Rice,25-03-2023,7400.16
30.37,177.93,32.05,6.97,3.44,Sandy,Cotton,17-01-2023,3513.59
33.68,181.07,58.41,6.11,3.28,Silty,Rice,23-05-2023,5778.7
31.61,285.83,47.64,6.82,4.44,Silty,Rice,18-12-2023,5004.63
22.27,275.36,54.98,7.23,3.78,Silty,Rice,16-05-2023,7562.5
22.38,256.25,31.92,8.29,1.6,Sandy,Maize,19-05-2023,5331.81
34.49,80.41,40.14,6.01,4.46,Sandy,Maize,30-07-2023,2015.54
23.14,297.85,56.64,8.05,4.64,Clay,Maize,01-08-2023,4694.82
29.47,249.09,58.99,5.67,4.41,Loamy,Rice,06-11-2023,7313.47
20.34,54.02,80.77,7.79,4.27,Loamy,Maize,26-02-2023,6985.86
39.05,214.27,74.51,6.78,5.11,Sandy,Rice,19-02-2023,4755.37
37.23,51.93,76.25,8.4,5.09,Loamy,Maize,03-05-2023,3830.55
37.45,142.41,48.14,5.79,3.95,Clay,Soybean,09-08-2023,7026.92
21.77,290.71,52.02,7.31,3.61,Silty,Maize,12-09-2023,6770.95
37.73,212.93,78.79,6.49,2.74,Silty,Rice,22-03-2023,7456.51
20.29,163.5,45.3,7.13,4.05,Loamy,Soybean,10-02-2023,7876.42
35.29,144.2,47.81,7.62,1.85,Clay,Cotton,18-07-2023,2053.95
38.17,228.47,44.14,6.87,2.78,Loamy,Soybean,28-05-2023,7710.01
29.89,233.09,50.76,7,3.59,Silty,Wheat,26-08-2023,6271.78
31.82,242.57,38.1,7.39,4.86,Sandy,Rice,26-04-2023,7666.08
34.36,209.14,78.98,7.08,2.31,Sandy,Rice,23-09-2023,6493.76
30.59,187.94,51.91,7.39,1.77,Silty,Soybean,11-02-2023,2277.78
32.64,258.58,50.31,8.33,3.62,Sandy,Wheat,13-11-2023,3689.28
32.97,70.73,67.31,7.91,5.38,Silty,Maize,17-11-2023,2661
30.11,61.46,61.32,7.32,1.58,Sandy,Cotton,29-11-2023,3127.18
26.18,110.46,36.25,5.5,4.72,Loamy,Rice,20-09-2023,5805.59
38.18,184.72,44.21,5.58,1.96,Clay,Rice,24-09-2023,7487.25
31.12,240.2,74.94,7.05,5.43,Sandy,Maize,30-01-2023,1103.62
20.36,101.6,45.55,6.23,4.98,Sandy,Cotton,22-05-2023,4367.25
26.63,83.99,86.38,6.42,1.94,Clay,Rice,07-03-2023,1629.17
24.95,133.09,73.66,5.79,5.13,Clay,Maize,16-03-2023,2123.28
33.4,73.34,82.56,6.08,2.57,Sandy,Maize,23-12-2023,3052.76
22.44,214.41,57.93,7.72,2.63,Clay,Rice,07-03-2023,1070.2
27.11,146.26,48.41,7.89,5.02,Clay,Maize,03-11-2023,1639.47
29.14,206.04,55.8,6.32,2.8,Silty,Maize,06-07-2023,3409.15
20.43,212.66,45.78,7.56,5.16,Sandy,Cotton,13-06-2023,3168.23
31.49,217.57,65.65,7.11,4.52,Sandy,Rice,01-11-2023,7473.13
27.38,180.95,33.28,6.39,4.65,Clay,Rice,30-07-2023,4215.55
36.87,205.01,82.94,6.4,1.79,Loamy,Maize,26-07-2023,2741.06
33.79,95.02,78.06,8.21,3.81,Sandy,Wheat,19-07-2023,5008.01
27.76,210.15,34.51,8.17,2.6,Silty,Soybean,10-10-2023,4025.3
23.06,78.83,71.13,8.22,4.1,Clay,Rice,04-01-2023,3074.68
29.01,173.38,50.44,7.36,2.27,Loamy,Rice,07-10-2023,2317.62
38.84,262.81,54.09,6.71,2.21,Loamy,Maize,06-07-2023,3737.13
38.45,160.11,44.58,5.67,2.38,Clay,Wheat,28-06-2023,7368.27
30.23,54.08,53.41,6.52,1.67,Loamy,Rice,05-06-2023,2224.06
24.01,99.65,41.27,5.74,4.67,Clay,Rice,12-04-2023,5298.82
22.06,153.34,89.71,8.13,3.07,Silty,Soybean,27-08-2023,7246.95
31.32,179.7,53.24,8.07,3.98,Silty,Wheat,12-08-2023,1611.99
20.66,200.11,83.48,5.94,5.3,Silty,Soybean,30-07-2023,2425.68
30.33,54.4,75.1,6.2,4.44,Sandy,Maize,04-03-2023,3547.58
29.16,219.51,79.78,6.54,3.18,Silty,Wheat,30-06-2023,4834.12
36.35,156.83,41.1,6.49,1.79,Sandy,Maize,21-03-2023,4961.39
31.13,77.18,74.8,6.99,2.8,Sandy,Soybean,20-11-2023,5361.43
36.63,50.37,65.6,8.28,2.42,Loamy,Rice,18-03-2023,6381.03
26.02,128.14,34.35,7.61,1.79,Loamy,Maize,08-04-2023,6852.37
22.49,56.2,66.06,7.86,4.9,Silty,Wheat,01-05-2023,1287.23
24.15,122.49,50.53,6.19,5.05,Silty,Soybean,16-04-2023,1062.43
20.53,65.37,58.21,7.44,4.16,Sandy,Rice,11-10-2023,5198.46
28.52,189.38,74.65,6.02,1.57,Loamy,Cotton,13-09-2023,6962.2
20.4,295.09,55.02,8.39,3.62,Sandy,Cotton,21-11-2023,5893.61
39.02,88.78,69.59,7.25,2.25,Silty,Soybean,13-07-2023,5016.53
36.28,223.2,82.86,5.58,5.33,Silty,Wheat,12-03-2023,2632.88
27.52,221.35,56.74,8.35,5.2,Sandy,Cotton,26-09-2023,4446.6
27.03,72.06,47.86,7.4,5.1,Clay,Soybean,07-04-2023,4856.59
29.67,296.14,69.53,7.3,2.43,Silty,Maize,08-07-2023,2693.22
39.42,161.67,63.72,5.66,5.12,Clay,Wheat,19-03-2023,2658.56
24.33,207.02,38.14,7.14,4.53,Clay,Rice,07-03-2023,3106.58
38.72,71.07,39.2,5.77,4.36,Clay,Soybean,24-10-2023,1119.21
37.5,273.05,63.08,8.45,4.11,Sandy,Cotton,22-05-2023,3186.31
24.73,86.57,82.83,6.98,4.6,Loamy,Cotton,27-05-2023,6542.4
38.31,299.69,46.29,8.28,1.86,Loamy,Soybean,13-04-2023,6968.42
31.24,293.08,74.96,8.17,2.07,Sandy,Rice,09-12-2023,2990.63
27.25,119.74,89.5,7.19,3.42,Clay,Wheat,14-08-2023,4605.64
27.01,281.26,32.3,8.4,4.76,Silty,Rice,03-01-2023,5588.68
31.95,197.15,80.41,8.26,2.13,Sandy,Rice,27-11-2023,2189.08
31.69,158.24,46.95,7.73,4.83,Sandy,Soybean,01-09-2023,6305.24
22.49,160.59,86.83,6.11,5.39,Sandy,Maize,06-07-2023,5217.73
24.38,141.56,69.4,7.57,4.9,Sandy,Cotton,24-08-2023,4264.26
28.54,64.7,38.33,7.52,2.45,Loamy,Rice,25-10-2023,2436.51
37.59,270.76,39.41,6.23,4.63,Clay,Rice,17-04-2023,3329.05
35.05,215.72,89.54,6.12,2.9,Sandy,Maize,24-03-2023,1532.72
30.15,231.82,41.31,8.39,5.05,Clay,Wheat,01-12-2023,1615.98
37.21,247.99,43.56,7.44,3.85,Clay,Rice,07-10-2023,5865.71
21.67,172.84,48.46,7.02,3.54,Loamy,Soybean,28-12-2023,2304.38
25.18,267.47,44.54,6.51,2.98,Sandy,Rice,08-06-2023,3315.6
30.57,130.4,41.6,5.89,3.02,Silty,Soybean,11-03-2023,7882.25
35.54,145.34,63.88,7.36,2.57,Clay,Wheat,06-10-2023,6991.87
39.5,213.61,54.7,7.34,1.73,Sandy,Maize,19-03-2023,6367.82
37.68,120.55,65.8,7.03,4.24,Silty,Maize,09-02-2023,6519.18
38.01,209.9,37.95,6.98,3.21,Sandy,Soybean,08-12-2023,3328.58
21.06,220.58,60.94,5.94,3.75,Silty,Maize,24-06-2023,1452.34
27.29,250.12,80.99,6.16,4.4,Sandy,Wheat,16-10-2023,1635.4
30.46,291.44,82.72,7.74,4.86,Sandy,Maize,24-12-2023,3618.24
28.37,243.77,64.21,7.2,4.89,Sandy,Cotton,28-11-2023,7646.21
27.9,169.96,87.72,7.23,2.39,Silty,Cotton,05-05-2023,1905.13
28.48,231.82,83.18,7.9,1.63,Silty,Soybean,19-11-2023,7473.08
39.96,73.98,66.56,6.18,4.39,Silty,Wheat,26-02-2023,7523.13
23.6,75.84,87.89,6.03,3.4,Silty,Rice,27-09-2023,1630.52
34.97,83.42,42.32,7.86,5.08,Loamy,Maize,27-02-2023,1976.83
34.66,211.72,52.03,7.01,3.89,Clay,Wheat,09-10-2023,6335.03
27.97,291.79,56.84,7.75,2.56,Sandy,Maize,25-09-2023,4132.18
35.74,197.71,58.34,7.7,2.8,Silty,Cotton,24-01-2023,7017.37
29.93,252.69,75.92,7.22,2.43,Loamy,Wheat,10-11-2023,3555.4
36.82,270.23,48.97,7.88,5.43,Loamy,Maize,18-11-2023,7930.06
25.37,61.75,67.33,7.33,2.72,Loamy,Maize,11-11-2023,1891.45
38.22,151.51,63.21,8.14,4.26,Sandy,Wheat,29-01-2023,3955.85
32.37,252.54,66.44,6.99,4.4,Sandy,Maize,21-12-2023,6681.42
22.15,139.52,42.7,7.5,2.24,Clay,Rice,29-12-2023,4733.25
29.72,135.36,50.71,5.63,3.62,Clay,Wheat,03-05-2023,3344.9
37.2,218.83,57.13,7.95,4.54,Loamy,Soybean,01-01-2023,1790.99
23.08,79.51,82.69,6.28,3.17,Clay,Cotton,25-08-2023,2025.82
33.66,81.34,83.58,7.48,2.09,Silty,Soybean,15-07-2023,3762.3
28.7,88.16,60.67,6.04,4.22,Sandy,Maize,27-04-2023,4848.26
22.22,184.81,54.94,6.76,1.92,Loamy,Maize,19-09-2023,7931.85
21.47,172.66,51.5,7.61,2.98,Sandy,Cotton,29-08-2023,6704.81
23.71,105.56,39.89,7.96,3.52,Silty,Wheat,16-05-2023,2022.94
39.98,132.8,85.87,5.79,2.67,Sandy,Rice,08-11-2023,2230.59
31.59,253.36,40.58,6.64,4.25,Loamy,Rice,17-01-2023,4674.59
34.27,259.32,79.42,7.44,3.04,Sandy,Maize,10-05-2023,6873.75
36.29,81.49,66.66,7.48,3.63,Clay,Rice,22-06-2023,7766.72
29.67,107.2,32.17,6.14,2.95,Clay,Cotton,23-10-2023,1657.76
32.09,119.56,50.3,5.92,3,Silty,Cotton,24-11-2023,1628.79
34.96,98.37,35.41,8.48,2.06,Sandy,Cotton,14-04-2023,4707.73
37.75,238.85,51.16,8.48,3.58,Silty,Cotton,11-10-2023,5091.37
29.93,266.73,45.2,6.15,3.53,Clay,Rice,02-02-2023,2630
22.62,103.14,38.41,6.21,5.09,Clay,Cotton,26-04-2023,1501.06
25.66,274.09,81.53,5.68,5.38,Sandy,Cotton,07-01-2023,2268.88
33.4,229.39,74.83,7.11,2.16,Silty,Wheat,28-08-2023,2336.97
20.7,271.82,62.9,6.23,5.35,Loamy,Rice,09-06-2023,3806.94
24.22,210.37,64.83,7.44,3.13,Sandy,Rice,17-12-2023,7013.16
22.42,244.17,66.49,7.17,3.26,Sandy,Maize,19-12-2023,1732.89
37.64,267.87,43.95,5.83,3.91,Silty,Wheat,06-11-2023,3935.48
36.64,61.23,34.63,7.97,5.49,Clay,Soybean,30-07-2023,2458.81
38.2,299.03,32.13,7.58,2.4,Loamy,Maize,02-07-2023,4558.62
37.17,82.35,32.51,6.92,5.23,Clay,Soybean,09-10-2023,2814.07
35.96,290.05,72.9,7.92,2.24,Clay,Rice,22-07-2023,4511.74
26.19,220.11,43.9,7.69,4.37,Sandy,Maize,01-12-2023,7930.49
25.99,51.57,51.99,5.55,4.16,Loamy,Soybean,25-02-2023,3257.15
25.19,71.19,70.18,6.33,3.1,Clay,Maize,18-05-2023,1960.13
38.29,270.05,36.99,6.26,4.76,Clay,Wheat,05-04-2023,5169.19
35.78,116.46,52.95,6.14,4.69,Silty,Wheat,26-05-2023,7621.05
26.23,111.41,44.42,6.48,5.24,Loamy,Maize,11-02-2023,7800.64
27.69,154.05,44.73,6.21,1.59,Clay,Rice,31-10-2023,4643.1
37.06,169.26,85.76,7.05,2.23,Sandy,Rice,03-10-2023,7209.52
21.13,274.85,53.57,5.77,4.35,Clay,Cotton,27-06-2023,6006.01
20.53,220.45,54.39,6.91,1.66,Clay,Soybean,26-09-2023,1318.19
36.41,179.79,88.24,7.79,4.6,Sandy,Rice,27-02-2023,6450.62
32.22,274.12,77.1,6.15,2.26,Loamy,Rice,23-02-2023,3190.91
34.13,190.65,85.1,7.93,4.07,Sandy,Maize,15-12-2023,3397.7
24.29,157.16,86.89,8.02,2.16,Sandy,Wheat,03-11-2023,5014.6
35.15,130.03,40.74,6.93,3.06,Clay,Maize,20-07-2023,2398.33
37.14,268.14,77.09,8.38,2.99,Loamy,Wheat,05-11-2023,3200.89
20.92,71.08,35.17,6.84,2.81,Clay,Maize,08-07-2023,3531.41
27.4,161.8,57.8,8.05,3.44,Sandy,Maize,10-10-2023,6157.22
34.52,263.85,40.28,7.31,2.89,Silty,Wheat,04-10-2023,5667.02
28.78,294.91,54.3,6.52,3.28,Loamy,Soybean,11-03-2023,1979.4
38.68,107.12,44.33,6.24,4.51,Silty,Maize,29-08-2023,4988.61
28.66,249.03,36.98,7.63,5.04,Clay,Rice,14-03-2023,6243.29
25.4,55.21,70.95,8.38,1.61,Clay,Cotton,26-07-2023,1882.71
36.46,104.51,81.97,7.9,3.29,Silty,Wheat,06-01-2023,5093.65
32.35,272.2,65.28,7.84,4.55,Sandy,Maize,30-01-2023,3742.61
24.58,134.69,32.49,5.97,4.5,Sandy,Cotton,29-10-2023,4931.38
20.58,220.14,52.22,7.69,2.4,Loamy,Rice,28-07-2023,3952.76
35.82,270.56,52.34,5.74,4.19,Silty,Wheat,28-01-2023,2832.22
27.4,139.08,64.43,7.14,2.59,Silty,Rice,23-07-2023,2991.31
24.14,99.41,62.89,8.21,3.89,Silty,Rice,28-02-2023,3717.75
31.84,208.07,58.2,7.85,5.44,Sandy,Maize,25-02-2023,4235.59
21.26,160.74,58.34,5.54,5.5,Loamy,Wheat,25-05-2023,4700.67
20.41,52.9,67.58,6.09,4.07,Silty,Cotton,12-06-2023,5493.96
29.11,178.58,49.65,7.61,3.28,Silty,Soybean,18-10-2023,5100.85
29.76,121.11,51.83,5.6,1.62,Clay,Soybean,06-10-2023,4058.21
22.61,79.81,61.73,7.41,1.92,Silty,Soybean,26-04-2023,6433.85
33.33,159.68,51.09,8.32,5.45,Silty,Cotton,29-09-2023,7819.58
27.95,268.97,64.83,5.68,3.23,Loamy,Maize,29-11-2023,6471.62
24.68,236.43,65.52,5.67,5.27,Silty,Wheat,01-10-2023,7204.07
35.36,87.16,81.77,8.35,3.99,Loamy,Soybean,23-08-2023,1745.2
27.46,291.57,56.36,7.78,4.7,Silty,Soybean,02-10-2023,4746.46
29.38,298.82,82.61,6.99,4.61,Sandy,Soybean,19-10-2023,1865.76
29.85,123.4,59.94,8.06,3.7,Loamy,Wheat,10-09-2023,4400.23
35.7,122.22,34.1,7.66,4.26,Sandy,Cotton,06-10-2023,1098.77
24.63,283.55,50.69,6.52,4.69,Sandy,Rice,05-06-2023,2294.42
38.55,283.42,89.83,5.52,3.55,Loamy,Wheat,07-03-2023,3066.28
28.74,64.41,47.27,6.4,4.39,Clay,Soybean,03-08-2023,3476.75
20.37,255.01,73.13,6.07,4.78,Silty,Maize,07-08-2023,4107.22
26.67,68.25,32.71,7.53,3.61,Loamy,Wheat,28-02-2023,3039.73
36.66,173.44,38.32,5.57,3.37,Loamy,Rice,02-03-2023,3870.4
36.69,138.7,30.86,5.63,2.73,Clay,Soybean,10-09-2023,2802.56
26.33,92.62,70.39,7.5,3.77,Clay,Maize,21-03-2023,2809.84
24.94,181.61,31.17,8.23,1.93,Silty,Soybean,03-07-2023,7498.21
31.5,201.26,84.09,6.06,3.07,Sandy,Wheat,08-11-2023,4148.43
36.25,76.93,59.75,6.12,2.62,Clay,Wheat,27-03-2023,2303.93
34.38,84.5,49.06,5.76,5.22,Clay,Maize,03-10-2023,3730.66
36.03,119.98,33.39,5.57,4.83,Loamy,Wheat,16-12-2023,4143.03
35.39,52.48,81.91,7.66,1.59,Silty,Wheat,13-06-2023,6101.67
20.17,76.68,54.3,8.37,2.03,Loamy,Soybean,25-10-2023,6765.69
31.49,64.57,30.56,7.92,5.48,Silty,Rice,06-06-2023,6259
32.06,90.21,31.48,8.47,3.77,Loamy,Maize,29-12-2023,7498.57
34.16,169.27,76.16,6.03,3.8,Silty,Wheat,05-08-2023,3829.29
38.24,137.71,54.29,6.88,5.47,Silty,Rice,28-07-2023,4765.36
39.27,162.87,54.54,6.13,3.17,Sandy,Cotton,17-04-2023,1491.89
32.33,171.86,89.56,7.66,3.63,Loamy,Rice,30-07-2023,2558.95
31.08,169.7,44.2,6.17,4.11,Silty,Cotton,06-11-2023,3512.32
27.31,143.3,47.38,7.24,3.49,Silty,Soybean,28-07-2023,4313.64
34.27,78.98,89.26,7.31,3.75,Silty,Cotton,18-03-2023,2736.52
21.68,291.96,42.66,5.73,4.71,Loamy,Maize,01-10-2023,7621.24
35.51,153.63,31.76,5.91,1.73,Silty,Rice,27-01-2023,3480.88
29.4,205.55,83.46,7.26,4.07,Silty,Wheat,14-02-2023,7529.72
32.57,255.1,59.08,6.58,4.46,Sandy,Maize,18-04-2023,6408.97
24.38,112.18,60.65,6.43,1.55,Loamy,Wheat,18-11-2023,5356.59
30.11,228.94,53.85,6.74,5.28,Clay,Maize,21-12-2023,2082.69
25.32,252.64,78.81,7.97,2.83,Silty,Cotton,07-08-2023,5459.64
38.24,129.07,61.86,5.92,3.87,Sandy,Wheat,18-05-2023,7335.77
25.27,95.85,74.96,6.41,4.33,Silty,Rice,14-01-2023,1242.44
29.88,96.7,59.27,7.23,4.4,Clay,Rice,28-01-2023,6455.34
21.76,212.41,57.89,8.04,4.79,Clay,Wheat,02-03-2023,5618.01
26.63,250.26,50.85,7.12,4.52,Loamy,Rice,05-10-2023,1399.02
29.62,218.24,34.6,6.68,3.71,Loamy,Soybean,10-11-2023,3580.75
39.2,83.7,70.27,6.56,3.82,Clay,Maize,04-08-2023,1621.19
37.41,269.46,76.41,8.42,4.2,Silty,Cotton,28-01-2023,7461.16
33.82,92.98,71.24,6.18,1.63,Loamy,Maize,05-06-2023,1673.28
24.59,55.94,65.1,7.22,4.8,Clay,Cotton,06-01-2023,6281.76
29.36,69.18,82.72,8.32,4.06,Sandy,Maize,18-09-2023,3329.34
23.45,147.71,69.57,7.88,2.69,Clay,Rice,06-11-2023,1866.02
20.56,210.76,73.78,6.99,1.81,Loamy,Wheat,10-09-2023,2737.67
22.62,111.08,81.91,7.42,1.95,Sandy,Wheat,24-08-2023,7039.93
22.41,188.74,32.87,6.14,2.01,Clay,Wheat,01-06-2023,7973.69
24.64,127.45,63.35,6.42,3.26,Silty,Soybean,03-04-2023,1425.82
27.26,56.36,41.76,8.34,3.66,Clay,Cotton,28-08-2023,7955.37
33.26,79.01,74.33,5.87,4.67,Clay,Cotton,24-04-2023,5394.64
27.79,135,70.56,5.82,4.48,Clay,Soybean,07-08-2023,6800.68
27.4,62.04,88.36,7.5,3.54,Loamy,Rice,13-08-2023,2872.26
20.59,73.91,53.26,7.08,3.93,Loamy,Cotton,18-12-2023,2316.01
33.42,99.87,57.46,6.4,4.89,Sandy,Wheat,09-11-2023,5905.11
38,91.53,75.47,8.23,1.72,Clay,Wheat,28-09-2023,7898.05
30.14,58.27,57.9,5.63,3.36,Sandy,Rice,17-11-2023,3418.96
26.55,165.02,41.52,7.56,2.72,Clay,Rice,19-10-2023,7612.76
23.85,95.78,71.58,7.09,4.59,Clay,Rice,04-01-2023,7203.1
21.63,120.93,62.38,7.72,1.55,Silty,Rice,04-08-2023,7305.48
31.68,282.24,48.15,6.4,2.5,Silty,Rice,22-06-2023,2224.52
20.8,125.11,44.24,6.11,2.05,Loamy,Rice,08-11-2023,2423.07
24.75,75.07,49.9,6.02,4.23,Sandy,Soybean,04-08-2023,3967.03
34.59,243.36,36.79,7.88,3.99,Silty,Soybean,28-05-2023,3121.46
33.26,98.59,81.37,5.97,2.5,Loamy,Rice,04-10-2023,4396.74
29.01,82.28,55.49,7.69,3.85,Clay,Soybean,02-07-2023,4932.32
38.15,156.45,66.68,7.71,3.11,Loamy,Maize,25-02-2023,7142.05
35.58,243.85,89.21,8.22,4.89,Silty,Rice,15-03-2023,3448.02
37.11,67.66,63.6,6.58,3.28,Loamy,Cotton,17-03-2023,3225.71
34.97,286.82,57.23,7.82,3.33,Silty,Soybean,10-10-2023,3434.78
33.18,159.62,41.74,5.65,4.81,Clay,Rice,30-09-2023,3347.8
27.42,91.38,37.88,6.29,2.35,Loamy,Maize,16-03-2023,7036.62
25.56,129.95,61.87,8.11,1.59,Loamy,Rice,31-12-2023,6515.06
39.21,53.18,35.42,7.77,3.31,Clay,Soybean,01-09-2023,4154.9
30.59,167.77,72.44,6.91,1.96,Clay,Rice,25-01-2023,1860.91
38.11,263.25,62.47,8.31,1.73,Clay,Cotton,21-09-2023,1026.1
21.98,116.91,45.42,8.16,2.54,Silty,Soybean,30-11-2023,6197.83
37.98,268.58,47.75,8.45,1.95,Clay,Soybean,19-04-2023,7030.26
37.25,297.93,43.94,5.96,3.96,Sandy,Rice,02-01-2023,4390.62
34.11,242.93,52.56,5.64,1.85,Clay,Maize,27-05-2023,6673.37
33.01,213.92,82.09,7.65,2.33,Clay,Maize,26-02-2023,7571.46
32.28,270.71,34.21,5.93,5.18,Loamy,Maize,30-01-2023,5678.29
35.87,248.24,51.87,6.01,4.58,Clay,Wheat,21-08-2023,3213.1
23.78,173.86,87,5.69,2.93,Clay,Maize,28-08-2023,6923.59
26.37,56.54,88.36,7.23,5.24,Clay,Rice,20-04-2023,6534.42
34.29,57.57,31.69,7.28,2.84,Loamy,Rice,15-02-2023,5941.72
24.23,77.07,86.71,8.05,1.87,Loamy,Soybean,30-10-2023,5507.51
25.91,109.93,52.12,6.04,4.7,Sandy,Maize,12-05-2023,5841.84
28.52,201.53,46.34,6.54,5.02,Silty,Soybean,23-10-2023,2525.22
39.07,178.66,30.61,7.34,1.69,Sandy,Rice,03-05-2023,5625.64
33.56,204.93,50.8,6.42,4.61,Silty,Cotton,18-08-2023,3713.52
29.87,205.21,78.6,6.33,2.26,Clay,Soybean,23-03-2023,2157.66
24.46,95.96,70.17,6,4.47,Loamy,Wheat,24-02-2023,3447.04
26.78,74.29,64.28,7.22,1.92,Clay,Maize,08-02-2023,4795.08
23.09,222.78,88.53,6.01,1.78,Sandy,Soybean,24-10-2023,1677.56
22.9,122.74,43.97,8.22,4.11,Loamy,Maize,20-06-2023,1497.32
32.29,166.16,53.51,7.19,2.55,Loamy,Cotton,19-04-2023,4328.95
32.02,165.64,56.05,7.23,3.15,Silty,Rice,03-06-2023,3478.46
25.66,228.01,64.82,6.25,2.56,Silty,Wheat,12-08-2023,3132.39
29.97,139.61,75.46,8.29,3.57,Loamy,Wheat,26-03-2023,1762.3
30.58,106.59,83.19,7.31,1.62,Clay,Rice,29-12-2023,5919.75
27.91,111.21,69.76,6.93,4.65,Sandy,Cotton,18-03-2023,3409.87
23.71,262.94,64.87,7.45,2.74,Loamy,Wheat,10-09-2023,1134.5
28.96,103.14,82.72,7.13,2.29,Sandy,Maize,07-09-2023,1394.96
34.22,181.47,39.26,5.97,4.08,Sandy,Wheat,04-10-2023,7557.53
31.96,74.27,30.71,6.67,5.39,Loamy,Rice,19-10-2023,4797.46
36.07,120.63,39.6,8.13,3.46,Silty,Wheat,29-09-2023,4860.73
21.89,269.98,31.98,7.21,3.21,Silty,Rice,13-03-2023,7188.6
27.8,53.57,55.09,6.64,1.53,Loamy,Soybean,22-08-2023,1189.26
28.71,179.98,50.62,6.29,1.63,Sandy,Soybean,11-04-2023,3187.34
33.61,223.28,66.74,6.79,1.95,Loamy,Rice,12-06-2023,4139.16
22.78,160.73,86.31,8.24,2.14,Sandy,Rice,13-09-2023,1099.14
21.4,158.81,64.26,6.79,3.33,Sandy,Soybean,29-11-2023,2151.89
23.01,286.11,71.73,8.2,4.03,Loamy,Wheat,23-04-2023,5926.43
33.07,286.82,52.41,7.42,3.85,Clay,Wheat,08-02-2023,3067.86
33.53,209.41,80.19,7.73,4.72,Clay,Cotton,11-11-2023,1281.27
29.19,81.79,88.83,7.11,1.93,Loamy,Cotton,08-06-2023,5125.63
31.3,78.66,67.02,8.37,4.72,Sandy,Rice,28-05-2023,6105.96
25.53,148.71,72.9,6.33,3.06,Sandy,Rice,28-06-2023,5378.58
39.37,260.92,53.16,7.48,5.19,Clay,Cotton,03-03-2023,6165.28
35.1,261.39,37.81,5.57,3.03,Clay,Soybean,31-10-2023,2755.04
35.08,102.86,87.84,7.96,3.96,Loamy,Cotton,10-01-2023,4327.85
37.39,170.55,83.53,7.78,3.97,Sandy,Wheat,07-02-2023,7560.24
31.73,228.69,33.44,6.24,2.29,Clay,Rice,07-05-2023,2944.37
23.11,195.59,79.52,6.22,1.63,Sandy,Maize,12-07-2023,1511.84
27.12,174.13,52.48,7.25,2.99,Clay,Rice,11-08-2023,4160.49
21.02,245.22,50.47,8.07,5.39,Clay,Rice,18-05-2023,7639.98
23.34,144.96,60.71,6.37,2.83,Sandy,Cotton,15-11-2023,6384.14
37.65,195.89,63.54,6.61,4.81,Sandy,Rice,03-07-2023,2610.92
37.33,201.24,48.68,6.4,1.57,Loamy,Wheat,29-09-2023,5323.01
37.17,193.72,37.29,6.94,3.88,Clay,Rice,18-07-2023,7815.11
37.13,83.73,84.11,7.36,1.85,Clay,Rice,13-11-2023,6351.86
33.14,240.42,47.59,6.86,3.53,Sandy,Cotton,23-01-2023,1413.73
